{
  "static": {
    "width": 200,
    "height": 200,
    "fov": 10.0,
    "view_matrix": [
      0.7232445478439331,
      -0.030260592699050903,
      0.6899287700653076,
      0.0,
      0.5141233801841736,
      0.6906105875968933,
      -0.5086592435836792,
      0.0,
      -0.46107974648475647,
      0.7225935459136963,
      0.5150379538536072,
      0.0,
      0.21526622772216797,
      -0.26317155361175537,
      -4.399168968200684,
      1.0
    ]
  },
  "gripper": {
    "width": 84,
    "height": 84,
    "fov": 75.0,
    "ee_to_cam": [
      0.20500423366316958,
      0.9480450731220652,
      -0.24327689802895205,
      -0.28919664977761533,
      0.9767539619636826,
      -0.1822539020169255,
      0.11284991929438457,
      -0.14574125221003964,
      0.06264864389460179,
      -0.26075637165811416,
      -0.9633697421433803,
      -0.24001430465431772,
      0.0,
      0.0,
      0.0,
      1.0
    ]
  }
}